{
  "Vanilla RNN": [
    2.503511765646556,
    2.03592248190017,
    1.8501197572738406,
    1.7092337759714278,
    1.579528636402554,
    1.4558541453073894,
    1.352669906994653,
    1.2764978787255665,
    1.2105774330714392,
    1.1431885560353596,
    1.1116841463815599,
    1.0693854481454879,
    1.0385207372998435,
    1.0133305560974848,
    0.982889437486255,
    0.9614372026352656,
    0.9409835537274679,
    0.9254326801451426,
    0.9229085208877684,
    0.9074959887398614,
    0.8949167775729346,
    0.8826881590343657,
    0.8806382805582077,
    0.8691598224261451,
    0.8643373449643453,
    0.8599968732349457,
    0.8525804470455836,
    0.8498877031462533,
    0.8476770397216554,
    0.8399171034495035,
    0.8386464866380843,
    0.8299767772356669,
    0.8251346255105639,
    0.8250944302195594,
    0.8228925192166888,
    0.8237130197267684,
    0.8215479074962555,
    0.8181618139857337,
    0.8067450315233261,
    0.8128447409660097,
    0.8097001304702153,
    0.8083645199972486,
    0.8099411830069527,
    0.8041349999488346,
    0.8031548602240426,
    0.8034138745731778,
    0.7976488206121657,
    0.7962221578946189,
    0.7946178515752157,
    0.796622077624003,
    0.7900284481427026,
    0.7925228467063298,
    0.7890910241338942,
    0.7845393315194145,
    0.7860948074431646,
    0.7854888231035263,
    0.7847320219827076,
    0.7874345296905154,
    0.780355639873989,
    0.7795065622481089,
    0.781764376731146,
    0.777602613918365,
    0.781052275309487,
    0.7746392554706998,
    0.7780819715015472,
    0.774732822463626,
    0.7721652918391757,
    0.767851626116132,
    0.7801096382595244,
    0.7695949796646361,
    0.7732697186015901,
    0.7692834148331295,
    0.7665253972250318,
    0.7693238097523886,
    0.7615765938683162,
    0.7609413067499796,
    0.7618032116738577,
    0.7587163438872685,
    0.7625715306827,
    0.7598082801652333
  ],
  "BLSTM": [
    2.8958856302594382,
    2.5383607546488443,
    2.3351625147319974,
    2.1791776948504977,
    2.059025936656528,
    1.9611839964276268,
    1.8575495519335308,
    1.770370882654947,
    1.7010004596104698,
    1.656890863463992,
    1.6149707597399514,
    1.5529287031718664,
    1.5351645908658467,
    1.5121497086116247,
    1.4763381556859092,
    1.456316073735555,
    1.4491880356319367,
    1.4324830032530285,
    1.413087322598412,
    1.3976959784825642,
    1.3885490061744812,
    1.3724084392426505,
    1.358788838462224,
    1.3503608552236406,
    1.343383473063272,
    1.3169660435782538,
    1.3159457180235121,
    1.3076153709774925,
    1.305661405835833,
    1.2828946510950725,
    1.2907536294725206,
    1.292845088338095,
    1.2673738286608742,
    1.2597149780818395,
    1.2584769479812137,
    1.2494019232099018,
    1.2481544207012842,
    1.2279966445196242,
    1.2467815800318642,
    1.2248420317967732,
    1.2227489172466217,
    1.2190183117276145,
    1.2125673880652776,
    1.2046774758232965,
    1.2159371451726035,
    1.1948608273551578,
    1.2119173435937791,
    1.1880890566205222,
    1.1914002110087683,
    1.1864860493039329,
    1.180245072122604,
    1.1799005818745447,
    1.1757299805444383,
    1.1726582381460402,
    1.1712270918346586,
    1.1737531556023493,
    1.1645984271216014,
    1.1718774655508617,
    1.1459708403027247,
    1.1621645802543277,
    1.1572310735308935,
    1.144907013764457,
    1.1437718943944053,
    1.1503781354616558,
    1.1587211045007857,
    1.1429017545684936,
    1.1347058614095051,
    1.1397834940562173,
    1.1348082678658622,
    1.1347716999432398,
    1.1316813088598705,
    1.13059625739143,
    1.131605533380357,
    1.1303090178777302,
    1.1247207702152313,
    1.1207124770633758,
    1.1263493498166401,
    1.1289841362408228,
    1.1192053178000072,
    1.1103824887956892
  ],
  "RNN+Attention": [
    2.311881515714857,
    1.9001043315917727,
    1.7382192573850117,
    1.5843278056099301,
    1.442420136360895,
    1.3128084398451305,
    1.2258507070087252,
    1.1388825168685308,
    1.0798010750422402,
    1.0317801662853785,
    0.9986363006016564,
    0.9730980358426533,
    0.9447794868832543,
    0.9240395332139636,
    0.9067171367387923,
    0.8904827738565112,
    0.8810005178527226,
    0.8687039348814223,
    0.8687356549596029,
    0.8632979402466426,
    0.8567583050046649,
    0.8466018334267631,
    0.848307816755204,
    0.8349462019072639,
    0.8269708904009017,
    0.8262250915406242,
    0.8201438141247582,
    0.8145882553524442,
    0.811127225557963,
    0.8076314197646247,
    0.8081104897317433,
    0.8083143991137308,
    0.7993459096030583,
    0.7930921089081537,
    0.7908182579373556,
    0.7921729731181312,
    0.7894315511461288,
    0.781359214631338,
    0.7821347193112449,
    0.7792556002026513,
    0.7801710613190181,
    0.7799341290716141,
    0.7755448108627683,
    0.7713656444398184,
    0.7634386410788884,
    0.7696158498052567,
    0.7607950255984351,
    0.7595200567018419,
    0.7609769219443911,
    0.7563939283764551,
    0.7592395345369974,
    0.7630782827498421,
    0.7579197741690136,
    0.7609811103533185,
    0.7483781311247084,
    0.7528504407595075,
    0.7463057533143058,
    0.7521752923253983,
    0.7410476832162767,
    0.7451916791143871,
    0.7425290440756177,
    0.7378917412152366,
    0.744213652989221,
    0.7397955750662183,
    0.7348156486238752,
    0.736515896660941,
    0.7366934816042582,
    0.7361827890078226,
    0.7343597326959882,
    0.7436931975304134,
    0.7278530758524698,
    0.7318040463659499,
    0.7281339064476982,
    0.729371260082911,
    0.7227508236491491,
    0.7208930745957389,
    0.7248459373201642,
    0.7205331845889016,
    0.7237078916458857,
    0.7186431610395038
  ]
}